question,few,ft,one,zero
A patient on GLP-1 RA reports nausea in week 2. They ask: How does chronic disease burden affect biological aging?,"Conf: medium
Notes: Evidence may be limited; communicate uncertainty and avoid overclaiming. Consider contraindications, adverse effects, and monitoring; individualize to patient context.","Conf: medium
Notes: Evidence may be limited; communicate uncertainty and avoid overclaiming. Consider contraindications, adverse effects, and monitoring; individualize to patient context.","Conf: medium
Notes: Evidence may be limited; communicate uncertainty and avoid overclaiming. Consider contraindications, adverse effects, and monitoring; individualize to patient context.","Conf: medium
Notes: Evidence may be limited; communicate uncertainty and avoid overclaiming. Consider contraindications, adverse effects, and monitoring; individualize to patient context."
Briefly: Are aging biomarkers clinically validated for routine care today?,"Conf: medium
Notes: Evidence may be limited; communicate uncertainty and avoid overclaiming. Biomarkers may lack clinical validation; avoid using them as sole decision drivers.","Conf: medium
Notes: Evidence may be limited; communicate uncertainty and avoid overclaiming. Biomarkers may lack clinical validation; avoid using them as sole decision drivers.","Conf: medium
Notes: Evidence may be limited; communicate uncertainty and avoid overclaiming. Biomarkers may lack clinical validation; avoid using them as sole decision drivers.","Conf: medium
Notes: Evidence may be limited; communicate uncertainty and avoid overclaiming. Biomarkers may lack clinical validation; avoid using them as sole decision drivers."
"Considering safety and regulatory boundaries, What is the relationship between sarcopenia and rapid weight loss?","Conf: medium
Notes: Evidence may be limited; communicate uncertainty and avoid overclaiming. In older adults, monitor nutrition and lean mass; avoid rapid weight loss without supervision.","Conf: medium
Notes: Evidence may be limited; communicate uncertainty and avoid overclaiming. In older adults, monitor nutrition and lean mass; avoid rapid weight loss without supervision.","Conf: medium
Notes: Evidence may be limited; communicate uncertainty and avoid overclaiming. In older adults, monitor nutrition and lean mass; avoid rapid weight loss without supervision.","Conf: medium
Notes: Evidence may be limited; communicate uncertainty and avoid overclaiming. In older adults, monitor nutrition and lean mass; avoid rapid weight loss without supervision."
Differentiate clinical evidence vs mechanistic hypotheses: What is the relationship between sarcopenia and rapid weight loss?,"Conf: medium
Notes: Evidence may be limited; communicate uncertainty and avoid overclaiming. In older adults, monitor nutrition and lean mass; avoid rapid weight loss without supervision.","Conf: medium
Notes: Evidence may be limited; communicate uncertainty and avoid overclaiming. In older adults, monitor nutrition and lean mass; avoid rapid weight loss without supervision.","Conf: medium
Notes: Evidence may be limited; communicate uncertainty and avoid overclaiming. In older adults, monitor nutrition and lean mass; avoid rapid weight loss without supervision.","Conf: medium
Notes: Evidence may be limited; communicate uncertainty and avoid overclaiming. In older adults, monitor nutrition and lean mass; avoid rapid weight loss without supervision."
"From a mechanistic perspective, Are aging biomarkers clinically validated for routine care today?","Conf: medium
Notes: Evidence may be limited; communicate uncertainty and avoid overclaiming. Biomarkers may lack clinical validation; avoid using them as sole decision drivers.","Conf: medium
Notes: Evidence may be limited; communicate uncertainty and avoid overclaiming. Biomarkers may lack clinical validation; avoid using them as sole decision drivers.","Conf: medium
Notes: Evidence may be limited; communicate uncertainty and avoid overclaiming. Biomarkers may lack clinical validation; avoid using them as sole decision drivers.","Conf: medium
Notes: Evidence may be limited; communicate uncertainty and avoid overclaiming. Biomarkers may lack clinical validation; avoid using them as sole decision drivers."
