question,short_answer_zero,confidence_level_zero,clinical_notes_zero,short_answer_one,confidence_level_one,clinical_notes_one,short_answer_few,confidence_level_few,clinical_notes_few,short_answer_ft,confidence_level_ft,clinical_notes_ft
Briefly: Are aging biomarkers clinically validated for routine care today?,,,,,,,,,,Most aging biomarkers are not clinically validated for routine care and are primarily used in research settings.,high,"Clinical utility, standardization, and outcome validation remain key gaps."
"As a clinician, how would you answer: Do GLP-1 receptor agonists mimic caloric restriction?",,,,,,,,,,"They can reduce energy intake and body weight, which overlaps with some effects of caloric restriction, but they do not fully replicate the biological program of caloric restriction.",medium,"Mechanistic overlap is plausible, but claims about 'mimicking caloric restriction' should be stated cautiously."
Answer conservatively and include safety notes if relevant: What is immunosenescence?,,,,,,,,,,Immunosenescence refers to age-related changes in immune function that can reduce response to infections and vaccines and alter inflammatory regulation.,high,It is a biological concept; clinical implications include higher infection risk and altered vaccine responses in older adults.
Briefly: How does chronic disease burden affect biological aging?,,,,,,,,,,Higher chronic disease burden is associated with worse functional outcomes and may correlate with measures of accelerated biological aging.,medium,Causality can be bidirectional; managing risk factors remains evidence-based.
Differentiate clinical evidence vs mechanistic hypotheses: What is cellular senescence in aging biology?,,,,,,,,,,Cellular senescence is a state of permanent cell-cycle arrest where cells remain metabolically active and can secrete inflammatory factors that may contribute to tissue dysfunction with age.,high,"Senescence is a target of research, but senolytic interventions are not broadly validated for routine clinical longevity use."
A patient on GLP-1 RA reports nausea in week 2. They ask: How does chronic disease burden affect biological aging?,,,,,,,,,,Higher chronic disease burden is associated with worse functional outcomes and may correlate with measures of accelerated biological aging.,medium,Causality can be bidirectional; managing risk factors remains evidence-based.
A clinician is documenting informed consent and asks: Does inhibiting mTOR extend lifespan in humans?,,,,,,,,,,There is no definitive evidence that mTOR inhibition extends human lifespan.,medium,Most evidence comes from animal models; human data are limited and often focus on specific outcomes rather than lifespan.
Differentiate clinical evidence vs mechanistic hypotheses: What is the relationship between sarcopenia and rapid weight loss?,,,,,,,,,,"Rapid weight loss can worsen sarcopenia by increasing loss of lean mass and strength, particularly in older adults.",high,Weight loss strategies in older adults should prioritize protein intake and resistance training.
A patient with family history of MTC asks: Are supplements generally proven to slow aging in humans?,,,,,,,,,,"Most supplements are not proven to slow aging in humans, and evidence for meaningful longevity outcomes is limited.",high,Claims should be treated cautiously; supplement safety and interactions can be relevant.
What’s the evidence-based answer to: What is proteostasis and why is it relevant to aging?,,,,,,,,,,"Proteostasis is the maintenance of protein quality through synthesis, folding, and degradation; its decline is associated with age-related dysfunction and neurodegenerative disease.",high,This is mechanistic biology; clinical translation is still evolving.
A frail older adult is losing weight rapidly. The team asks: What is the clinical risk of undernutrition in older adults pursuing weight loss?,,,,,,,,,,"Undernutrition increases risk of sarcopenia, frailty, impaired immunity, and functional decline in older adults.",high,Weight loss should be supervised and focus on nutrient density and strength preservation.
Answer conservatively and include safety notes if relevant: What is proteostasis and why is it relevant to aging?,,,,,,,,,,"Proteostasis is the maintenance of protein quality through synthesis, folding, and degradation; its decline can contribute to age-related dysfunction and neurodegenerative disease.",high,This is mechanistic biology; clinical translation is still evolving.
"In clinical terms, What is cellular senescence in aging biology?",,,,,,,,,,Cellular senescence is a state of permanent cell-cycle arrest where cells remain metabolically active and can secrete inflammatory factors that may contribute to tissue dysfunction with age.,high,"Senescence is a target of research, but senolytic interventions are not broadly validated for routine clinical longevity use."
"For patient counseling, What is caloric restriction and what is its relationship to aging biology?",,,,,,,,,,"Caloric restriction is sustained reduction in calorie intake without malnutrition and is associated with lifespan or healthspan benefits in several animal models, likely through conserved metabolic and stress-response pathways.",high,Human benefits and optimal protocols remain uncertain.
A patient with family history of MTC asks: What is immunosenescence?,,,,,,,,,,Immunosenescence refers to age-related changes in immune function that can reduce response to infections and vaccines and alter inflammatory regulation.,high,It is a biological concept; clinical implications include higher infection risk and altered vaccine responses in older adults.
"In clinical terms, What is the difference between association and causation in longevity studies?",,,,,,,,,,"Association means two factors co-occur, while causation means one factor directly produces an effect; many longevity findings are associative and can be confounded.",high,Clinical claims should avoid causal language unless supported by strong experimental evidence.
"Considering safety and regulatory boundaries, What is the relationship between sarcopenia and rapid weight loss?",,,,,,,,,,"Rapid weight loss can worsen sarcopenia by increasing loss of lean mass and strength, particularly in older adults.",high,Weight loss strategies in older adults should prioritize protein intake and resistance training.
A patient with family history of MTC asks: Why are randomized controlled trials important for longevity interventions?,,,,,,,,,,"They reduce confounding and bias, helping determine whether an intervention truly causes clinically meaningful benefits.",high,"For preventive or longevity uses, long follow-up and safety monitoring are especially important."
Explain in one paragraph: Are senolytic drugs proven to extend lifespan in humans?,,,,,,,,,,No. Evidence for senolytics in humans is preliminary and does not establish lifespan extension.,medium,Most evidence is preclinical; human trials focus on specific conditions and safety.
Do not claim approval unless explicitly approved. What does it mean to calibrate confidence in clinical AI answers?,,,,,,,,,,"It means aligning stated confidence with the strength of evidence and likelihood of correctness, avoiding overconfidence when evidence is weak.",high,Calibration is a key safety feature in healthcare AI.
A patient with suspected gastroparesis asks: What is mTOR and why is it discussed in longevity research?,,,,,,,,,,"mTOR is a nutrient-sensing signaling pathway involved in growth, metabolism, and protein synthesis; it is studied in longevity because altering mTOR activity affects aging-related processes in multiple model organisms.",high,Translating mechanistic findings into safe human longevity interventions remains uncertain.
"From a mechanistic perspective, ...",,,,,,,,,,...,high,...
"If evidence is limited, say so. What is the role of mitochondria in aging theories?",,,,,,,,,,Mitochondria are involved in energy production and reactive oxygen species signaling; mitochondrial dysfunction is implicated in aging-related decline in some theories.,medium,Human interventions targeting mitochondria for longevity have mixed evidence.
A clinician is documenting informed consent and asks: How does resistance training influence aging-related muscle loss?,,,,,,,,,,"Resistance training improves muscle strength and can increase or preserve lean mass, helping counteract age-related sarcopenia.",high,It is a cornerstone intervention for maintaining function in older adults.
"Considering safety and regulatory boundaries, What is oxidative stress and how is it related to aging?",,,,,,,,,,Oxidative stress is an imbalance between reactive oxygen species and antioxidant defenses; it is associated with cellular damage and has been implicated in aging mechanisms.,medium,Antioxidant supplementation has not consistently shown longevity benefits in humans.
Differentiate clinical evidence vs mechanistic hypotheses: Does inhibiting mTOR extend lifespan in humans?,,,,,,,,,,There is no definitive evidence that mTOR inhibition extends human lifespan.,medium,Most evidence comes from animal models; human data are limited and often focus on specific outcomes rather than lifespan.
"From a mechanistic perspective, Are aging biomarkers clinically validated for routine care today?",,,,,,,,,,Most aging biomarkers are not clinically validated for routine care and are primarily used in research settings.,high,"Clinical utility, standardization, and outcome validation remain key gaps."
"In clinical terms, What is proteostasis and why is it relevant to aging?",,,,,,,,,,"Proteostasis is the maintenance of protein quality through synthesis, folding, and degradation; its decline can contribute to age-related dysfunction and neurodegenerative disease.",high,This is mechanistic biology; clinical translation is still evolving.
"Considering safety and regulatory boundaries, What is the role of mitochondria in aging theories?",,,,,,,,,,Mitochondria are involved in energy production and reactive oxygen species signaling; mitochondrial dysfunction is implicated in aging-related decline.,medium,Human interventions targeting mitochondria for longevity have mixed evidence.
Do not claim approval unless explicitly approved. What is oxidative stress and how is it related to aging?,,,,,,,,,,Oxidative stress is an imbalance between reactive oxygen species and antioxidant defenses; it is associated with cellular damage and has been implicated in aging mechanisms.,medium,Antioxidant supplementation has not consistently shown longevity benefits in humans.
