question,method,short_answer,confidence_level,clinical_notes
Are aging biomarkers clinically validated?,few,,medium,Evidence may be limited; communicate uncertainty and avoid overclaiming. Biomarkers may lack clinical validation; avoid using them as sole decision drivers.
Are aging biomarkers clinically validated?,ft,,medium,Evidence may be limited; communicate uncertainty and avoid overclaiming. Biomarkers may lack clinical validation; avoid using them as sole decision drivers.
Are aging biomarkers clinically validated?,one,,medium,Evidence may be limited; communicate uncertainty and avoid overclaiming. Biomarkers may lack clinical validation; avoid using them as sole decision drivers.
Are aging biomarkers clinically validated?,zero,,medium,Evidence may be limited; communicate uncertainty and avoid overclaiming. Biomarkers may lack clinical validation; avoid using them as sole decision drivers.
What are ethical concerns of off-label preventive use of drugs for longevity?,few,,medium,Evidence may be limited; communicate uncertainty and avoid overclaiming. Clarify approved indications vs off-label use; preventive use requires careful clinical justification.
What are ethical concerns of off-label preventive use of drugs for longevity?,ft,,medium,Evidence may be limited; communicate uncertainty and avoid overclaiming. Clarify approved indications vs off-label use; preventive use requires careful clinical justification.
What are ethical concerns of off-label preventive use of drugs for longevity?,one,,medium,Evidence may be limited; communicate uncertainty and avoid overclaiming. Clarify approved indications vs off-label use; preventive use requires careful clinical justification.
What are ethical concerns of off-label preventive use of drugs for longevity?,zero,,medium,Evidence may be limited; communicate uncertainty and avoid overclaiming. Clarify approved indications vs off-label use; preventive use requires careful clinical justification.
What is sarcopenia?,few,,medium,"Evidence may be limited; communicate uncertainty and avoid overclaiming. In older adults, monitor nutrition and lean mass; avoid rapid weight loss without supervision."
What is sarcopenia?,ft,,medium,"Evidence may be limited; communicate uncertainty and avoid overclaiming. In older adults, monitor nutrition and lean mass; avoid rapid weight loss without supervision."
What is sarcopenia?,one,,medium,"Evidence may be limited; communicate uncertainty and avoid overclaiming. In older adults, monitor nutrition and lean mass; avoid rapid weight loss without supervision."
What is sarcopenia?,zero,,medium,"Evidence may be limited; communicate uncertainty and avoid overclaiming. In older adults, monitor nutrition and lean mass; avoid rapid weight loss without supervision."
Why is nausea common early in GLP-1 therapy?,few,,medium,"Evidence may be limited; communicate uncertainty and avoid overclaiming. Consider contraindications, adverse effects, and monitoring; individualize to patient context."
Why is nausea common early in GLP-1 therapy?,ft,,medium,"Evidence may be limited; communicate uncertainty and avoid overclaiming. Consider contraindications, adverse effects, and monitoring; individualize to patient context."
Why is nausea common early in GLP-1 therapy?,one,,medium,"Evidence may be limited; communicate uncertainty and avoid overclaiming. Consider contraindications, adverse effects, and monitoring; individualize to patient context."
Why is nausea common early in GLP-1 therapy?,zero,,medium,"Evidence may be limited; communicate uncertainty and avoid overclaiming. Consider contraindications, adverse effects, and monitoring; individualize to patient context."
